{
  "BCC_4_0p5_4": {
    "static_curve": {
      "displacement": [ 0.0, 0.032, 0.064, 0.112, 0.184, 0.292, 0.4, 0.508, 0.616, 0.724, 0.832, 0.886, 0.94, 1.021, 1.102, 1.183, 1.264, 1.345, 1.4665, 1.588, 1.7095, 1.73987, 1.77025, 1.80062, 1.831, 1.84619, 1.86137, 1.86897, 1.87656, 1.87941 ],
      "force": [ 0.0, 7.39578, 14.1614, 22.6157, 27.5667, 29.7823, 30.8058, 31.3207, 31.558, 31.6088, 31.5223, 31.4186, 31.2977, 31.0399, 30.728, 30.3549, 29.9298, 29.4601, 28.6748, 27.8431, 26.9939, 26.7884, 26.5809, 26.373, 26.1642, 26.0602, 25.956, 25.904, 25.8506, 25.8299 ]
    },
    "static_X_curve": {
      "displacement": [ 0.0, 0.01, 0.02, 0.035, 0.0575, 0.09125, 0.141875, 0.217812, 0.317812, 0.367812, 0.417812, 0.467812, 0.517812, 0.555312, 0.592812, 0.611562, 0.630312, 0.635, 0.639688, 0.646719, 0.657266, 0.673086, 0.696816, 0.720547, 0.726479, 0.732412, 0.741311, 0.754659, 0.774682, 0.804716, 0.849767, 0.894818, 0.939868, 0.984919, 1.0 ],
      "force": [ 0.0, 1.4465, 2.81326, 4.88783, 7.99935, 12.4906, 17.3777, 19.7066, 20.603, 20.8713, 21.0181, 21.1139, 21.1731, 21.2019, 21.2159, 21.4329, 21.4535, 21.5956, 21.607, 21.6164, 21.6245, 21.6286, 21.6322, 21.6295, 21.6306, 21.6133, 21.5385, 21.408, 21.1733, 20.7461, 19.712, 18.2803, 16.4006, 14.6226, 14.1461 ]
    },
    "50_curve": {
      "displacement": [ 0.0, 0.00528563, 0.0118675, 0.0140618, 0.0217098, 0.0244541, 0.0291834, 0.0364235, 0.0382412, 0.0437252, 0.047517, 0.050524, 0.0560819, 0.0583738, 0.0609394, 0.0643719, 0.0662516, 0.0688952, 0.0708599, 0.0715041, 0.0730097, 0.0741211, 0.0744464, 0.0745253, 0.0745131, 0.0738482, 0.0734919, 0.072594, 0.0713946, 0.0704311, 0.068747, 0.0670361, 0.0638686, 0.0607001, 0.0575822, 0.0534761, 0.0504544, 0.0463682, 0.0417766, 0.0380127, 0.0332317, 0.0286709, 0.0243557, 0.0191776, 0.0145989, 0.0099249, 0.0042928, 5.83493e-05, 0.00332404, 0.0044851, 0.003509, 0.00014836, 0.00276019, 0.00459014, 0.00374035, 0.00128227, 0.00165073, 0.00433865, 0.00430324, 0.00210439, 0.00121062, 0.00390449, 0.0041198, 0.00309854, 0.000118531, 0.00337004, 0.00447788, 0.0036185, 0.000404261, 0.00238698, 0.00420708, 0.00437443, 0.00146012, 0.00158034, 0.00419601, 0.00448459, 0.00214074, 0.00037279, 0.00364621, 0.00478313, 0.00307243, 0.000433595, 0.00325022, 0.00431712, 0.00356046, 0.00139136, 0.00244285, 0.00405232, 0.00421017, 0.0019408, 0.00155448, 0.00342761, 0.00471745, 0.00278648, 0.00058606, 0.00325213, 0.00483153, 0.00312764, 0.000508907, 0.00238116, 0.00474346, 0.00387862, 0.00152722, 0.00184957, 0.00433329, 0.00401677, 0.00253921, 0.000854445, 0.00367303, 0.00432465, 0.00332839, 0.000253011, 0.0029221, 0.00442476, 0.00377888, 0.000772099, 0.00204351, 0.0044387, 0.0040638, 0.00158349, 0.0013059, 0.0040045, 0.00431226, 0.00273975, 0.000445051, 0.0035471, 0.00434745, 0.00339036, 0.000492604, 0.00270598, 0.0043313, 0.00435536, 0.00122438, 0.0018868, 0.00384975, 0.00435221, 0.00197325, 0.000614159, 0.00365027, 0.00479098, 0.00271451, 0.000217986, 0.00315951, 0.00429892, 0.00345706, 0.00121209, 0.00273012, 0.00420989, 0.00399135, 0.00194272, 0.00160706, 0.00355396, 0.00461304, 0.00270632, 0.000898167, 0.00315835, 0.00453259, 0.00330582, 0.000611277, 0.00231019, 0.00476163, 0.00375482, 0.00125623, 0.00171648, 0.00422677, 0.00405594, 0.00249731, 0.000965312, 0.00381036, 0.0041365, 0.00297174, 0.00019687, 0.00288759, 0.0044722, 0.0038152, 0.000668909, 0.00216478, 0.00433835, 0.00397458, 0.0017445, 0.00120769, 0.00419566, 0.00436116, 0.00259522, 0.000407776, 0.00342054, 0.0041862, 0.00349417, 0.000531492, 0.0027982, 0.00419563, 0.00406506, 0.00119601, 0.00181246, 0.00381966, 0.00455114, 0.00194658, 0.000925589, 0.00365328, 0.0046278, 0.00256954 ],
      "force": [ 0.0, 0.320387, 0.940888, 0.558587, 1.27311, 1.56616, 1.87684, 1.99172, 1.68214, 2.60416, 2.91711, 2.73996, 2.87413, 3.04534, 3.42443, 3.6433, 3.30534, 3.5013, 3.88309, 3.93483, 3.91406, 3.60004, 3.95349, 3.84436, 3.66979, 3.7579, 3.54761, 3.36755, 3.26288, 3.11669, 2.66212, 2.53168, 2.30738, 2.37037, 2.21773, 1.90986, 1.87735, 1.74184, 1.68223, 1.27721, 1.19878, 1.08962, 0.9019, 0.618473, 0.399207, 0.492128, 0.123113, 0.159261, 0.38361, 0.161649, 0.126847, 0.110941, 0.0140503, 0.127457, 0.266359, 0.100847, 0.098603, 0.287456, 0.0561109, 0.116061, 0.00740894, 0.160137, 0.163093, 0.161964, 0.0785847, 0.0176652, 0.147756, 0.0983115, 0.111754, 0.138728, 0.352311, 0.217779, 0.130845, 0.120345, 0.0529987, 0.222454, 0.0516977, 0.0813757, 0.381043, 0.254832, 0.0374891, 0.143947, 0.0260388, 0.0604088, 0.272213, 0.11031, 0.29124, 0.234449, 0.132759, 0.163032, 0.234797, 0.194833, 0.164546, 0.0598799, 0.309593, 0.0743243, 0.13037, 0.261651, 0.232733, 0.0374702, 0.300982, 0.0319778, 0.00692269, 0.116844, 0.179012, 0.313895, 0.174741, 0.173652, 0.0985383, 0.125843, 0.0215868, 0.133298, 0.229201, 0.261965, 0.126975, 0.0966267, 0.0186928, 0.0175862, 0.28487, 0.181769, 0.020894, 0.305867, 0.0967997, 0.0298204, 0.0361922, 0.177314, 0.219617, 0.270635, 0.0931068, 0.00643661, 0.104238, 0.123106, 0.132478, 0.16997, 0.360223, 0.172119, 0.0533506, 0.0117802, 0.0655021, 0.228966, 0.151872, 0.0996009, 0.30287, 0.244415, 0.0214612, 0.186324, 0.00922855, 0.037467, 0.255155, 0.0169147, 0.147541, 0.2305, 0.252807, 0.136237, 0.123387, 0.150103, 0.14401, 0.140938, 0.127416, 0.172374, 0.195224, 0.19395, 0.10962, 0.0472036, 0.260002, 0.0722649, 0.0388493, 0.163435, 0.0745466, 0.177913, 0.333411, 0.0182131, 0.166958, 0.291283, 0.0738719, 0.0179363, 0.0109484, 0.110202, 0.351463, 0.157952, 0.204581, 0.149766, 0.100615, 0.023412, 0.203062, 0.207006, 0.336778, 0.149084, 0.111604, 0.187507, 0.00453005, 0.26904, 0.110029, 0.0599405, 0.320974, 0.0345919, 0.0465835, 0.0210432, 0.0792217, 0.249119, 0.306424 ]
    },
    "500_curve": {
      "displacement": [ 0.0, 0.0534214, 0.119174, 0.141173, 0.218005, 0.249876, 0.303221, 0.369315, 0.403201, 0.456744, 0.501165, 0.550443, 0.597642, 0.636033, 0.681329, 0.725405, 0.768056, 0.802948, 0.841785, 0.881034, 0.918822, 0.949451, 0.985219, 1.01892, 1.05279, 1.08041, 1.11239, 1.14214, 1.17054, 1.19579, 1.22233, 1.24913, 1.27274, 1.29373, 1.3175, 1.34077, 1.3605, 1.38013, 1.39918, 1.41883, 1.43495, 1.45107, 1.46717, 1.48305, 1.4962, 1.50876, 1.52192, 1.53382, 1.54418, 1.55369, 1.56338, 1.57239, 1.57921, 1.58595, 1.59247, 1.59832, 1.602, 1.60573, 1.60939, 1.61176, 1.61288, 1.61321, 1.614, 1.61302, 1.61151, 1.60987, 1.60716, 1.60396, 1.59956, 1.59545, 1.59034, 1.58416, 1.57723, 1.57047, 1.56213, 1.55267, 1.54349, 1.53448, 1.52366, 1.51208, 1.50123, 1.48983, 1.47703, 1.46391, 1.45142, 1.43824, 1.42363, 1.40959, 1.39584, 1.38121, 1.36578, 1.35079, 1.33675, 1.32147, 1.30802, 1.29394, 1.2788, 1.26545, 1.26305, 1.27292, 1.28819, 1.30115, 1.30851, 1.3063, 1.29229, 1.27629, 1.26747, 1.26597, 1.2735, 1.28879, 1.30323, 1.30675, 1.30155, 1.29074, 1.27582, 1.26522, 1.26774, 1.27881, 1.29146, 1.30355, 1.30834, 1.30064, 1.28534, 1.27279, 1.26568, 1.26671, 1.27887, 1.29578, 1.30644, 1.30783, 1.30062, 1.2861, 1.2702, 1.26324, 1.26783, 1.27983, 1.29429, 1.30708, 1.3089, 1.29935, 1.28422, 1.27217, 1.2647, 1.26785, 1.28154, 1.29679, 1.30498, 1.3056, 1.29819, 1.28289, 1.26898, 1.26656, 1.27223, 1.28368, 1.29797, 1.30792, 1.30457, 1.29304, 1.2801, 1.26853, 1.26403, 1.27255, 1.28812, 1.30061, 1.30791, 1.30623, 1.29363, 1.27663, 1.26623, 1.2651, 1.27201, 1.28676, 1.30263, 1.30901, 1.30449, 1.29284, 1.27849, 1.26633, 1.26462, 1.27461, 1.28894, 1.30059, 1.30742, 1.30357, 1.2904, 1.27532, 1.26797, 1.26784, 1.27607, 1.29147, 1.30421, 1.30629, 1.29962, 1.28815, 1.27366, 1.26424, 1.26849, 1.28011, 1.29367, 1.30486, 1.3095 ],